day,date,action,asset,price,quantity,notional,fee,slippage,total_cost,net_proceeds,realized_pnl,reason
1,2026-05-21,BUY,BTC,77615.52,0.06442011,5000.0,5.0,2.5,7.5,,,"Most assets are in downtrend with weak 7-day returns, but today's 1-day returns are broadly positive suggesting a short-term bounce. BNB stands out as the only strong_uptrend asset with positive 30d returns and RSI above 56, warranting overweight. BTC gets a moderate allocation as the largest and least volatile crypto. Keeping 30% cash as a buffer given the dominant downtrend environment across the universe."
1,2026-05-21,BUY,ETH,2133.77,0.46865407,1000.0,1.0,0.5,1.5,,,"Most assets are in downtrend with weak 7-day returns, but today's 1-day returns are broadly positive suggesting a short-term bounce. BNB stands out as the only strong_uptrend asset with positive 30d returns and RSI above 56, warranting overweight. BTC gets a moderate allocation as the largest and least volatile crypto. Keeping 30% cash as a buffer given the dominant downtrend environment across the universe."
1,2026-05-21,BUY,SOL,87.35,11.44819691,1000.0,1.0,0.5,1.5,,,"Most assets are in downtrend with weak 7-day returns, but today's 1-day returns are broadly positive suggesting a short-term bounce. BNB stands out as the only strong_uptrend asset with positive 30d returns and RSI above 56, warranting overweight. BTC gets a moderate allocation as the largest and least volatile crypto. Keeping 30% cash as a buffer given the dominant downtrend environment across the universe."
1,2026-05-21,BUY,BNB,658.58,4.55525525,3000.0,3.0,1.5,4.5,,,"Most assets are in downtrend with weak 7-day returns, but today's 1-day returns are broadly positive suggesting a short-term bounce. BNB stands out as the only strong_uptrend asset with positive 30d returns and RSI above 56, warranting overweight. BTC gets a moderate allocation as the largest and least volatile crypto. Keeping 30% cash as a buffer given the dominant downtrend environment across the universe."
1,2026-05-21,BUY,XRP,1.3739,727.85501128,1000.0,1.0,0.5,1.5,,,"Most assets are in downtrend with weak 7-day returns, but today's 1-day returns are broadly positive suggesting a short-term bounce. BNB stands out as the only strong_uptrend asset with positive 30d returns and RSI above 56, warranting overweight. BTC gets a moderate allocation as the largest and least volatile crypto. Keeping 30% cash as a buffer given the dominant downtrend environment across the universe."
1,2026-05-21,BUY,DOGE,0.10567,9463.42386675,1000.0,1.0,0.5,1.5,,,"Most assets are in downtrend with weak 7-day returns, but today's 1-day returns are broadly positive suggesting a short-term bounce. BNB stands out as the only strong_uptrend asset with positive 30d returns and RSI above 56, warranting overweight. BTC gets a moderate allocation as the largest and least volatile crypto. Keeping 30% cash as a buffer given the dominant downtrend environment across the universe."
1,2026-05-21,BUY,LINK,9.755,102.51153255,1000.0,1.0,0.5,1.5,,,"Most assets are in downtrend with weak 7-day returns, but today's 1-day returns are broadly positive suggesting a short-term bounce. BNB stands out as the only strong_uptrend asset with positive 30d returns and RSI above 56, warranting overweight. BTC gets a moderate allocation as the largest and least volatile crypto. Keeping 30% cash as a buffer given the dominant downtrend environment across the universe."
1,2026-05-21,BUY,AVAX,9.453,105.7865228,1000.0,1.0,0.5,1.5,,,"Most assets are in downtrend with weak 7-day returns, but today's 1-day returns are broadly positive suggesting a short-term bounce. BNB stands out as the only strong_uptrend asset with positive 30d returns and RSI above 56, warranting overweight. BTC gets a moderate allocation as the largest and least volatile crypto. Keeping 30% cash as a buffer given the dominant downtrend environment across the universe."
2,2026-05-22,SELL,SOL,84.4,2.15131662,181.57,0.1816,0.0908,0.2724,181.3,-6.62,"All assets are in downtrend with broad daily losses of 2-3.5%, ETH showing a strong downtrend with RSI near oversold at 19.99, and BTC RSI at 28. The macro environment is uniformly bearish across the universe, so increasing cash to 40% reduces drawdown risk while maintaining some BTC exposure as the relative safe haven with lowest volatility."
2,2026-05-22,SELL,BNB,650.45,0.93626825,609.0,0.609,0.3045,0.9135,608.08,-8.53,"All assets are in downtrend with broad daily losses of 2-3.5%, ETH showing a strong downtrend with RSI near oversold at 19.99, and BTC RSI at 28. The macro environment is uniformly bearish across the universe, so increasing cash to 40% reduces drawdown risk while maintaining some BTC exposure as the relative safe haven with lowest volatility."
2,2026-05-22,SELL,XRP,1.3346,139.92102638,186.74,0.1867,0.0934,0.2801,186.46,-5.78,"All assets are in downtrend with broad daily losses of 2-3.5%, ETH showing a strong downtrend with RSI near oversold at 19.99, and BTC RSI at 28. The macro environment is uniformly bearish across the universe, so increasing cash to 40% reduces drawdown risk while maintaining some BTC exposure as the relative safe haven with lowest volatility."
2,2026-05-22,SELL,DOGE,0.10234,3713.05722427,379.99,0.38,0.19,0.57,379.42,-12.93,"All assets are in downtrend with broad daily losses of 2-3.5%, ETH showing a strong downtrend with RSI near oversold at 19.99, and BTC RSI at 28. The macro environment is uniformly bearish across the universe, so increasing cash to 40% reduces drawdown risk while maintaining some BTC exposure as the relative safe haven with lowest volatility."
2,2026-05-22,SELL,LINK,9.42,40.03886565,377.17,0.3772,0.1886,0.5657,376.6,-13.98,"All assets are in downtrend with broad daily losses of 2-3.5%, ETH showing a strong downtrend with RSI near oversold at 19.99, and BTC RSI at 28. The macro environment is uniformly bearish across the universe, so increasing cash to 40% reduces drawdown risk while maintaining some BTC exposure as the relative safe haven with lowest volatility."
2,2026-05-22,SELL,AVAX,9.155,20.07852758,183.82,0.1838,0.0919,0.2757,183.54,-6.26,"All assets are in downtrend with broad daily losses of 2-3.5%, ETH showing a strong downtrend with RSI near oversold at 19.99, and BTC RSI at 28. The macro environment is uniformly bearish across the universe, so increasing cash to 40% reduces drawdown risk while maintaining some BTC exposure as the relative safe haven with lowest volatility."
2,2026-05-22,BUY,BTC,75539.5,0.00050095,37.84,0.0378,0.0189,0.0568,,,"All assets are in downtrend with broad daily losses of 2-3.5%, ETH showing a strong downtrend with RSI near oversold at 19.99, and BTC RSI at 28. The macro environment is uniformly bearish across the universe, so increasing cash to 40% reduces drawdown risk while maintaining some BTC exposure as the relative safe haven with lowest volatility."
2,2026-05-22,BUY,ETH,2065.86,0.00612199,12.65,0.0126,0.0063,0.019,,,"All assets are in downtrend with broad daily losses of 2-3.5%, ETH showing a strong downtrend with RSI near oversold at 19.99, and BTC RSI at 28. The macro environment is uniformly bearish across the universe, so increasing cash to 40% reduces drawdown risk while maintaining some BTC exposure as the relative safe haven with lowest volatility."
3,2026-05-23,SELL,ETH,2117.69,0.0073346,15.53,0.0155,0.0078,0.0233,15.51,-0.13,"BNB is the clear standout with a strong uptrend, positive 30d return, and RSI near 54 — rotating more weight there. BTC remains the most stable large-cap with relatively low volatility, so maintaining meaningful exposure. ETH and most altcoins are in downtrends with weak RSIs, so keeping those positions minimal while holding 30% cash as a buffer against continued market weakness."
3,2026-05-23,SELL,SOL,85.76,0.06277478,5.38,0.0054,0.0027,0.0081,5.38,-0.11,"BNB is the clear standout with a strong uptrend, positive 30d return, and RSI near 54 — rotating more weight there. BTC remains the most stable large-cap with relatively low volatility, so maintaining meaningful exposure. ETH and most altcoins are in downtrends with weak RSIs, so keeping those positions minimal while holding 30% cash as a buffer against continued market weakness."
3,2026-05-23,SELL,XRP,1.3584,150.70072061,204.71,0.2047,0.1024,0.3071,204.4,-2.64,"BNB is the clear standout with a strong uptrend, positive 30d return, and RSI near 54 — rotating more weight there. BTC remains the most stable large-cap with relatively low volatility, so maintaining meaningful exposure. ETH and most altcoins are in downtrends with weak RSIs, so keeping those positions minimal while holding 30% cash as a buffer against continued market weakness."
3,2026-05-23,SELL,DOGE,0.10308,1909.09341637,196.79,0.1968,0.0984,0.2952,196.49,-5.24,"BNB is the clear standout with a strong uptrend, positive 30d return, and RSI near 54 — rotating more weight there. BTC remains the most stable large-cap with relatively low volatility, so maintaining meaningful exposure. ETH and most altcoins are in downtrends with weak RSIs, so keeping those positions minimal while holding 30% cash as a buffer against continued market weakness."
3,2026-05-23,SELL,LINK,9.566,0.38426357,3.68,0.0037,0.0018,0.0055,3.67,-0.08,"BNB is the clear standout with a strong uptrend, positive 30d return, and RSI near 54 — rotating more weight there. BTC remains the most stable large-cap with relatively low volatility, so maintaining meaningful exposure. ETH and most altcoins are in downtrends with weak RSIs, so keeping those positions minimal while holding 30% cash as a buffer against continued market weakness."
3,2026-05-23,BUY,BTC,76752.0,0.01246294,956.56,0.9566,0.4783,1.4348,,,"BNB is the clear standout with a strong uptrend, positive 30d return, and RSI near 54 — rotating more weight there. BTC remains the most stable large-cap with relatively low volatility, so maintaining meaningful exposure. ETH and most altcoins are in downtrends with weak RSIs, so keeping those positions minimal while holding 30% cash as a buffer against continued market weakness."
3,2026-05-23,BUY,BNB,656.26,1.8112175,1188.63,1.1886,0.5943,1.7829,,,"BNB is the clear standout with a strong uptrend, positive 30d return, and RSI near 54 — rotating more weight there. BTC remains the most stable large-cap with relatively low volatility, so maintaining meaningful exposure. ETH and most altcoins are in downtrends with weak RSIs, so keeping those positions minimal while holding 30% cash as a buffer against continued market weakness."
3,2026-05-23,BUY,AVAX,9.391,19.70102516,185.01,0.185,0.0925,0.2775,,,"BNB is the clear standout with a strong uptrend, positive 30d return, and RSI near 54 — rotating more weight there. BTC remains the most stable large-cap with relatively low volatility, so maintaining meaningful exposure. ETH and most altcoins are in downtrends with weak RSIs, so keeping those positions minimal while holding 30% cash as a buffer against continued market weakness."
4,2026-05-24,SELL,BTC,77064.96,0.00040898,31.52,0.0315,0.0158,0.0473,31.47,-0.21,"BNB is the only asset in a strong uptrend with positive 7d and 30d returns and RSI above 50, making it the clear momentum leader to overweight. BTC shows relative resilience near its 50-day SMA while most alts are in downtrends with weak RSI readings, so I reduce exposure to underperformers (ETH, XRP, DOGE, LINK, AVAX) and raise cash to 33% for downside protection. This rotation concentrates in the two strongest assets while cutting losers."
4,2026-05-24,SELL,ETH,2099.86,0.09077655,190.62,0.1906,0.0953,0.2859,190.33,-3.28,"BNB is the only asset in a strong uptrend with positive 7d and 30d returns and RSI above 50, making it the clear momentum leader to overweight. BTC shows relative resilience near its 50-day SMA while most alts are in downtrends with weak RSI readings, so I reduce exposure to underperformers (ETH, XRP, DOGE, LINK, AVAX) and raise cash to 33% for downside protection. This rotation concentrates in the two strongest assets while cutting losers."
4,2026-05-24,SELL,SOL,85.27,2.27728958,194.18,0.1942,0.0971,0.2913,193.89,-5.03,"BNB is the only asset in a strong uptrend with positive 7d and 30d returns and RSI above 50, making it the clear momentum leader to overweight. BTC shows relative resilience near its 50-day SMA while most alts are in downtrends with weak RSI readings, so I reduce exposure to underperformers (ETH, XRP, DOGE, LINK, AVAX) and raise cash to 33% for downside protection. This rotation concentrates in the two strongest assets while cutting losers."
4,2026-05-24,SELL,XRP,1.351,144.50802666,195.23,0.1952,0.0976,0.2928,194.94,-3.6,"BNB is the only asset in a strong uptrend with positive 7d and 30d returns and RSI above 50, making it the clear momentum leader to overweight. BTC shows relative resilience near its 50-day SMA while most alts are in downtrends with weak RSI readings, so I reduce exposure to underperformers (ETH, XRP, DOGE, LINK, AVAX) and raise cash to 33% for downside protection. This rotation concentrates in the two strongest assets while cutting losers."
4,2026-05-24,SELL,DOGE,0.10228,1907.99303425,195.15,0.1951,0.0976,0.2927,194.86,-6.76,"BNB is the only asset in a strong uptrend with positive 7d and 30d returns and RSI above 50, making it the clear momentum leader to overweight. BTC shows relative resilience near its 50-day SMA while most alts are in downtrends with weak RSI readings, so I reduce exposure to underperformers (ETH, XRP, DOGE, LINK, AVAX) and raise cash to 33% for downside protection. This rotation concentrates in the two strongest assets while cutting losers."
4,2026-05-24,SELL,LINK,9.431,20.15522593,190.08,0.1901,0.095,0.2851,189.8,-6.82,"BNB is the only asset in a strong uptrend with positive 7d and 30d returns and RSI above 50, making it the clear momentum leader to overweight. BTC shows relative resilience near its 50-day SMA while most alts are in downtrends with weak RSI readings, so I reduce exposure to underperformers (ETH, XRP, DOGE, LINK, AVAX) and raise cash to 33% for downside protection. This rotation concentrates in the two strongest assets while cutting losers."
4,2026-05-24,SELL,AVAX,9.212,41.01391681,377.82,0.3778,0.1889,0.5667,377.25,-9.98,"BNB is the only asset in a strong uptrend with positive 7d and 30d returns and RSI above 50, making it the clear momentum leader to overweight. BTC shows relative resilience near its 50-day SMA while most alts are in downtrends with weak RSI readings, so I reduce exposure to underperformers (ETH, XRP, DOGE, LINK, AVAX) and raise cash to 33% for downside protection. This rotation concentrates in the two strongest assets while cutting losers."
4,2026-05-24,BUY,BNB,656.58,1.1953244,784.83,0.7848,0.3924,1.1772,,,"BNB is the only asset in a strong uptrend with positive 7d and 30d returns and RSI above 50, making it the clear momentum leader to overweight. BTC shows relative resilience near its 50-day SMA while most alts are in downtrends with weak RSI readings, so I reduce exposure to underperformers (ETH, XRP, DOGE, LINK, AVAX) and raise cash to 33% for downside protection. This rotation concentrates in the two strongest assets while cutting losers."
5,2026-05-25,SELL,ETH,2113.01,0.00096889,2.05,0.002,0.001,0.0031,2.04,-0.02,"BNB remains the clear momentum leader with a strong uptrend, positive 7d and 30d returns, RSI near 60, and the smallest drawdown in the universe — maintaining a significant allocation. BTC shows relative stability with near-neutral RSI and only a modest drawdown, warranting a continued 30% anchor. Most altcoins remain in downtrends with weak RSI readings, so exposure is kept minimal while cash stays elevated at 27% to manage downside risk."
5,2026-05-25,SELL,LINK,9.506,0.17799845,1.69,0.0017,0.0008,0.0025,1.69,-0.05,"BNB remains the clear momentum leader with a strong uptrend, positive 7d and 30d returns, RSI near 60, and the smallest drawdown in the universe — maintaining a significant allocation. BTC shows relative stability with near-neutral RSI and only a modest drawdown, warranting a continued 30% anchor. Most altcoins remain in downtrends with weak RSI readings, so exposure is kept minimal while cash stays elevated at 27% to manage downside risk."
5,2026-05-25,SELL,AVAX,9.31,0.44375055,4.13,0.0041,0.0021,0.0062,4.13,-0.06,"BNB remains the clear momentum leader with a strong uptrend, positive 7d and 30d returns, RSI near 60, and the smallest drawdown in the universe — maintaining a significant allocation. BTC shows relative stability with near-neutral RSI and only a modest drawdown, warranting a continued 30% anchor. Most altcoins remain in downtrends with weak RSI readings, so exposure is kept minimal while cash stays elevated at 27% to manage downside risk."
5,2026-05-25,BUY,BTC,77322.01,2.596e-05,2.01,0.002,0.001,0.003,,,"BNB remains the clear momentum leader with a strong uptrend, positive 7d and 30d returns, RSI near 60, and the smallest drawdown in the universe — maintaining a significant allocation. BTC shows relative stability with near-neutral RSI and only a modest drawdown, warranting a continued 30% anchor. Most altcoins remain in downtrends with weak RSI readings, so exposure is kept minimal while cash stays elevated at 27% to manage downside risk."
5,2026-05-25,BUY,SOL,85.06,0.04279725,3.64,0.0036,0.0018,0.0055,,,"BNB remains the clear momentum leader with a strong uptrend, positive 7d and 30d returns, RSI near 60, and the smallest drawdown in the universe — maintaining a significant allocation. BTC shows relative stability with near-neutral RSI and only a modest drawdown, warranting a continued 30% anchor. Most altcoins remain in downtrends with weak RSI readings, so exposure is kept minimal while cash stays elevated at 27% to manage downside risk."
5,2026-05-25,BUY,BNB,663.15,1.75409297,1163.23,1.1632,0.5816,1.7448,,,"BNB remains the clear momentum leader with a strong uptrend, positive 7d and 30d returns, RSI near 60, and the smallest drawdown in the universe — maintaining a significant allocation. BTC shows relative stability with near-neutral RSI and only a modest drawdown, warranting a continued 30% anchor. Most altcoins remain in downtrends with weak RSI readings, so exposure is kept minimal while cash stays elevated at 27% to manage downside risk."
5,2026-05-25,BUY,XRP,1.3503,1.22775879,1.66,0.0017,0.0008,0.0025,,,"BNB remains the clear momentum leader with a strong uptrend, positive 7d and 30d returns, RSI near 60, and the smallest drawdown in the universe — maintaining a significant allocation. BTC shows relative stability with near-neutral RSI and only a modest drawdown, warranting a continued 30% anchor. Most altcoins remain in downtrends with weak RSI readings, so exposure is kept minimal while cash stays elevated at 27% to manage downside risk."
6,2026-05-26,SELL,BNB,656.43,0.00531777,3.49,0.0035,0.0017,0.0052,3.49,-0.02,"All assets are in downtrend with negative 1-day and 7-day returns across the board; RSI values for most assets are in oversold territory but without reversal signals. BNB remains the relative strength outlier with positive 7d and 30d returns and neutral RSI, so maintaining that position. Holding significant cash and keeping the two strongest assets (BTC and BNB) while minimizing speculative altcoin exposure to protect remaining capital."
6,2026-05-26,BUY,BTC,75930.01,0.00056779,43.11,0.0431,0.0216,0.0647,,,"All assets are in downtrend with negative 1-day and 7-day returns across the board; RSI values for most assets are in oversold territory but without reversal signals. BNB remains the relative strength outlier with positive 7d and 30d returns and neutral RSI, so maintaining that position. Holding significant cash and keeping the two strongest assets (BTC and BNB) while minimizing speculative altcoin exposure to protect remaining capital."
6,2026-05-26,BUY,ETH,2073.77,0.00298934,6.2,0.0062,0.0031,0.0093,,,"All assets are in downtrend with negative 1-day and 7-day returns across the board; RSI values for most assets are in oversold territory but without reversal signals. BNB remains the relative strength outlier with positive 7d and 30d returns and neutral RSI, so maintaining that position. Holding significant cash and keeping the two strongest assets (BTC and BNB) while minimizing speculative altcoin exposure to protect remaining capital."
6,2026-05-26,BUY,SOL,83.73,0.03466081,2.9,0.0029,0.0015,0.0044,,,"All assets are in downtrend with negative 1-day and 7-day returns across the board; RSI values for most assets are in oversold territory but without reversal signals. BNB remains the relative strength outlier with positive 7d and 30d returns and neutral RSI, so maintaining that position. Holding significant cash and keeping the two strongest assets (BTC and BNB) while minimizing speculative altcoin exposure to protect remaining capital."
6,2026-05-26,BUY,XRP,1.3293,1.43041875,1.9,0.0019,0.001,0.0029,,,"All assets are in downtrend with negative 1-day and 7-day returns across the board; RSI values for most assets are in oversold territory but without reversal signals. BNB remains the relative strength outlier with positive 7d and 30d returns and neutral RSI, so maintaining that position. Holding significant cash and keeping the two strongest assets (BTC and BNB) while minimizing speculative altcoin exposure to protect remaining capital."
6,2026-05-26,BUY,AVAX,9.14,0.48844574,4.46,0.0045,0.0022,0.0067,,,"All assets are in downtrend with negative 1-day and 7-day returns across the board; RSI values for most assets are in oversold territory but without reversal signals. BNB remains the relative strength outlier with positive 7d and 30d returns and neutral RSI, so maintaining that position. Holding significant cash and keeping the two strongest assets (BTC and BNB) while minimizing speculative altcoin exposure to protect remaining capital."
7,2026-05-27,SELL,BTC,74449.31,0.01241551,924.33,0.9243,0.4622,1.3865,922.94,-38.66,"All assets remain in downtrends with RSI readings below 40 across the board, and most altcoins are showing RSI in the high 20s to low 30s indicating continued selling pressure without confirmed reversal. On the final day of the challenge, capital preservation takes priority — increasing CASH to 45% while retaining a modest BTC position (strongest relative performer) and trimming the oversized BNB position. This locks in a more defensive posture to avoid further drawdown."
7,2026-05-27,SELL,BNB,648.83,3.88873885,2523.13,2.5231,1.2616,3.7847,2519.35,-42.36,"All assets remain in downtrends with RSI readings below 40 across the board, and most altcoins are showing RSI in the high 20s to low 30s indicating continued selling pressure without confirmed reversal. On the final day of the challenge, capital preservation takes priority — increasing CASH to 45% while retaining a modest BTC position (strongest relative performer) and trimming the oversized BNB position. This locks in a more defensive posture to avoid further drawdown."
7,2026-05-27,SELL,AVAX,9.042,21.52349274,194.62,0.1946,0.0973,0.2919,194.32,-8.84,"All assets remain in downtrends with RSI readings below 40 across the board, and most altcoins are showing RSI in the high 20s to low 30s indicating continued selling pressure without confirmed reversal. On the final day of the challenge, capital preservation takes priority — increasing CASH to 45% while retaining a modest BTC position (strongest relative performer) and trimming the oversized BNB position. This locks in a more defensive posture to avoid further drawdown."
7,2026-05-27,BUY,ETH,2024.83,0.10042799,203.35,0.2033,0.1017,0.305,,,"All assets remain in downtrends with RSI readings below 40 across the board, and most altcoins are showing RSI in the high 20s to low 30s indicating continued selling pressure without confirmed reversal. On the final day of the challenge, capital preservation takes priority — increasing CASH to 45% while retaining a modest BTC position (strongest relative performer) and trimming the oversized BNB position. This locks in a more defensive posture to avoid further drawdown."
7,2026-05-27,BUY,SOL,82.43,0.02715824,2.24,0.0022,0.0011,0.0034,,,"All assets remain in downtrends with RSI readings below 40 across the board, and most altcoins are showing RSI in the high 20s to low 30s indicating continued selling pressure without confirmed reversal. On the final day of the challenge, capital preservation takes priority — increasing CASH to 45% while retaining a modest BTC position (strongest relative performer) and trimming the oversized BNB position. This locks in a more defensive posture to avoid further drawdown."
7,2026-05-27,BUY,XRP,1.3076,1.38106864,1.81,0.0018,0.0009,0.0027,,,"All assets remain in downtrends with RSI readings below 40 across the board, and most altcoins are showing RSI in the high 20s to low 30s indicating continued selling pressure without confirmed reversal. On the final day of the challenge, capital preservation takes priority — increasing CASH to 45% while retaining a modest BTC position (strongest relative performer) and trimming the oversized BNB position. This locks in a more defensive posture to avoid further drawdown."
7,2026-05-27,BUY,LINK,9.135,0.7242123,6.62,0.0066,0.0033,0.0099,,,"All assets remain in downtrends with RSI readings below 40 across the board, and most altcoins are showing RSI in the high 20s to low 30s indicating continued selling pressure without confirmed reversal. On the final day of the challenge, capital preservation takes priority — increasing CASH to 45% while retaining a modest BTC position (strongest relative performer) and trimming the oversized BNB position. This locks in a more defensive posture to avoid further drawdown."
